T2,Opt_Energy
"(((0, 5), (2, 7)),)",-1.4188578499545732
"(((1, 4), (3, 6)),)",-1.41885784939965
"(((1, 5), (3, 7)),)",-1.4123252834455056
"(((0, 4), (2, 6)),)",-1.4110676615881352
"(((1, 4), (2, 7)),)",-1.4098870963465389
"(((0, 4), (3, 7)),)",-1.405734792409156
"(((0, 1), (2, 3)),)",-1.3184854053384412
"(((4, 5), (6, 7)),)",-1.3184854055692263
"(((1, 5), (2, 6)),)",-1.4281359468867347
"(((0, 5), (3, 6)),)",-1.4098870970150779
